Workbook

Sheet Dark
A1: Date | B1: Time | C1: MOD_ID | D1: CMD_CNT | E1: ERROR | F1: MTR_ABS_STEPS | G1: THRM_STATUS | H1: SWIR_OFFSET | I1: MWIR_OFFSET | J1: SCI_ADC_SAMPLES | K1: SCI_ADC_SKIP | L1: SWIR_HIGH | M1: SWIR_MED | N1: SWIR_LOW | O1: MWIR_HIGH | P1: MWIR_MED | Q1: MWIR_LOW | R1: HT_SINK_TEMP | S1: SWIR_TEMP | T1: CRC | U1: CRC
A2: 45889 | B2: 0.63730214 | C2: 79 | D2: 78 | E2: 0 | F2: 8 | G2: 0 | H2: 1536 | I2: 624 | J2: 0 | K2: 100 | L2: 214 | M2: 9 | N2: 3 | O2: 464 | P2: 16 | Q2: 4 | R2: 350 | S2: 350 | T2: 24 | U2: 125
A3: 45889 | B3: 0.63730744 | C3: 79 | D3: 84 | E3: 0 | F3: 8 | G3: 0 | H3: 1536 | I3: 624 | J3: 0 | K3: 100 | L3: 215 | M3: 9 | N3: 3 | O3: 466 | P3: 16 | Q3: 4 | R3: 350 | S3: 350 | T3: 61 | U3: 56
A4: 45889 | B4: 0.6373127 | C4: 79 | D4: 90 | E4: 0 | F4: 8 | G4: 0 | H4: 1536 | I4: 624 | J4: 0 | K4: 100 | L4: 215 | M4: 9 | N4: 3 | O4: 472 | P4: 16 | Q4: 4 | R4: 350 | S4: 350 | T4: 125 | U4: 37
A5: 45889 | B5: 0.63731795 | C5: 79 | D5: 96 | E5: 0 | F5: 8 | G5: 0 | H5: 1536 | I5: 624 | J5: 0 | K5: 100 | L5: 214 | M5: 9 | N5: 3 | O5: 479 | P5: 18 | Q5: 4 | R5: 350 | S5: 350 | T5: 174 | U5: 119
A6: 45889 | B6: 0.63732315 | C6: 79 | D6: 102 | E6: 0 | F6: 8 | G6: 0 | H6: 1536 | I6: 624 | J6: 0 | K6: 100 | L6: 216 | M6: 9 | N6: 3 | O6: 484 | P6: 18 | Q6: 4 | R6: 350 | S6: 350 | T6: 236 | U6: 65
A7: 45889 | B7: 0.63732844 | C7: 79 | D7: 108 | E7: 0 | F7: 8 | G7: 0 | H7: 1536 | I7: 624 | J7: 0 | K7: 100 | L7: 218 | M7: 9 | N7: 3 | O7: 493 | P7: 18 | Q7: 4 | R7: 350 | S7: 350 | T7: 178 | U7: 201
A8: 45889 | B8: 0.63733362 | C8: 79 | D8: 114 | E8: 0 | F8: 0 | G8: 0 | H8: 1536 | I8: 624 | J8: 0 | K8: 100 | L8: 219 | M8: 9 | N8: 3 | O8: 498 | P8: 19 | Q8: 4 | R8: 350 | S8: 350 | T8: 89 | U8: 203
A9: 45889 | B9: 0.63733887 | C9: 79 | D9: 120 | E9: 0 | F9: 0 | G9: 0 | H9: 1536 | I9: 624 | J9: 0 | K9: 100 | L9: 216 | M9: 9 | N9: 3 | O9: 506 | P9: 19 | Q9: 4 | R9: 350 | S9: 348 | T9: 197 | U9: 76
A10: 45889 | B10: 0.6373441 | C10: 79 | D10: 126 | E10: 0 | F10: 0 | G10: 0 | H10: 1536 | I10: 624 | J10: 0 | K10: 100 | L10: 216 | M10: 9 | N10: 3 | O10: 512 | P10: 19 | Q10: 4 | R10: 350 | S10: 350 | T10: 98 | U10: 67
A11: 45889 | B11: 0.63734926 | C11: 79 | D11: 132 | E11: 0 | F11: 0 | G11: 0 | H11: 1536 | I11: 624 | J11: 0 | K11: 100 | L11: 216 | M11: 8 | N11: 3 | O11: 517 | P11: 19 | Q11: 4 | R11: 350 | S11: 350 | T11: 43 | U11: 92
A12: 45889 | B12: 0.6373545 | C12: 79 | D12: 138 | E12: 0 | F12: 0 | G12: 0 | H12: 1536 | I12: 624 | J12: 0 | K12: 100 | L12: 216 | M12: 9 | N12: 3 | O12: 520 | P12: 19 | Q12: 4 | R12: 350 | S12: 350 | T12: 151 | U12: 206
A13: 45889 | B13: 0.63735977 | C13: 79 | D13: 144 | E13: 0 | F13: 0 | G13: 0 | H13: 1536 | I13: 624 | J13: 0 | K13: 100 | L13: 217 | M13: 9 | N13: 3 | O13: 527 | P13: 19 | Q13: 3 | R13: 350 | S13: 350 | T13: 1 | U13: 16
... A289: 45889 | B289: 0.63880977 | C289: 79 | D289: 8 | E289: 0 | F289: 0 | G289: 0 | H289: 1536 | I289: 624 | J289: 0 | K289: 100 | L289: 221 | M289: 9 | N289: 3 | O289: 544 | P289: 20 | Q289: 4 | R289: 350 | S289: 350 | T289: 6 | U289: 106

Sheet Reference_Data
A1: Date | B1: Time | C1: MOD_ID | D1: CMD_CNT | E1: ERROR | F1: MTR_ABS_STEPS | G1: THRM_STATUS | H1: SWIR_OFFSET | I1: MWIR_OFFSET | J1: SCI_ADC_SAMPLES | K1: SCI_ADC_SKIP | L1: SWIR_HIGH | M1: SWIR_MED | N1: SWIR_LOW | O1: MWIR_HIGH | P1: MWIR_MED | Q1: MWIR_LOW | R1: HT_SINK_TEMP | S1: SWIR_TEMP | T1: CRC
A2: 45889 | B2: 0.64046744 | C2: 79 | D2: 53 | E2: 0 | F2: 8 | G2: 0 | H2: 1536 | I2: 624 | J2: 0 | K2: 100 | L2: 2056 | M2: 72 | N2: 5 | O2: 2390 | P2: 83 | Q2: 6 | R2: 350 | S2: 350 | T2: 109
A3: 45889 | B3: 0.64047266 | C3: 79 | D3: 59 | E3: 0 | F3: 8 | G3: 0 | H3: 1536 | I3: 624 | J3: 0 | K3: 100 | L3: 1987 | M3: 69 | N3: 5 | O3: 2460 | P3: 84 | Q3: 6 | R3: 350 | S3: 350 | T3: 145
A4: 45889 | B4: 0.64047793 | C4: 79 | D4: 65 | E4: 0 | F4: 8 | G4: 0 | H4: 1536 | I4: 624 | J4: 0 | K4: 100 | L4: 1879 | M4: 65 | N4: 5 | O4: 2485 | P4: 86 | Q4: 6 | R4: 350 | S4: 351 | T4: 100
A5: 45889 | B5: 0.64048318 | C5: 79 | D5: 71 | E5: 0 | F5: 8 | G5: 0 | H5: 1536 | I5: 624 | J5: 0 | K5: 100 | L5: 1818 | M5: 64 | N5: 5 | O5: 2408 | P5: 83 | Q5: 6 | R5: 350 | S5: 351 | T5: 113
A6: 45889 | B6: 0.64048843 | C6: 79 | D6: 77 | E6: 0 | F6: 8 | G6: 0 | H6: 1536 | I6: 624 | J6: 0 | K6: 100 | L6: 1776 | M6: 62 | N6: 5 | O6: 2268 | P6: 79 | Q6: 6 | R6: 350 | S6: 350 | T6: 173
A7: 45889 | B7: 0.64049368 | C7: 79 | D7: 83 | E7: 0 | F7: 8 | G7: 0 | H7: 1536 | I7: 624 | J7: 0 | K7: 100 | L7: 1747 | M7: 61 | N7: 5 | O7: 2161 | P7: 75 | Q7: 6 | R7: 350 | S7: 350 | T7: 129
A8: 45889 | B8: 0.64049896 | C8: 79 | D8: 89 | E8: 0 | F8: 0 | G8: 0 | H8: 1536 | I8: 624 | J8: 0 | K8: 100 | L8: 1728 | M8: 60 | N8: 5 | O8: 2008 | P8: 70 | Q8: 6 | R8: 350 | S8: 350 | T8: 135
A9: 45889 | B9: 0.64050421 | C9: 79 | D9: 95 | E9: 0 | F9: 0 | G9: 0 | H9: 1536 | I9: 624 | J9: 0 | K9: 100 | L9: 1724 | M9: 60 | N9: 5 | O9: 1960 | P9: 69 | Q9: 5 | R9: 350 | S9: 351 | T9: 31
A10: 45889 | B10: 0.64050947 | C10: 79 | D10: 101 | E10: 0 | F10: 0 | G10: 0 | H10: 1536 | I10: 624 | J10: 0 | K10: 100 | L10: 1734 | M10: 61 | N10: 5 | O10: 1972 | P10: 69 | Q10: 6 | R10: 350 | S10: 350 | T10: 196
A11: 45889 | B11: 0.64051472 | C11: 79 | D11: 107 | E11: 0 | F11: 0 | G11: 0 | H11: 1536 | I11: 624 | J11: 0 | K11: 100 | L11: 1776 | M11: 62 | N11: 5 | O11: 2049 | P11: 71 | Q11: 5 | R11: 350 | S11: 350 | T11: 119
A12: 45889 | B12: 0.64052 | C12: 79 | D12: 113 | E12: 0 | F12: 0 | G12: 0 | H12: 1536 | I12: 624 | J12: 0 | K12: 100 | L12: 1925 | M12: 67 | N12: 5 | O12: 2244 | P12: 78 | Q12: 6 | R12: 350 | S12: 350 | T12: 115
A13: 45889 | B13: 0.64052524 | C13: 79 | D13: 119 | E13: 0 | F13: 0 | G13: 0 | H13: 1536 | I13: 624 | J13: 0 | K13: 100 | L13: 2228 | M13: 77 | N13: 4 | O13: 2459 | P13: 84 | Q13: 6 | R13: 350 | S13: 350 | T13: 243
... A289: 45889 | B289: 0.64197503 | C289: 79 | D289: 239 | E289: 0 | F289: 0 | G289: 0 | H289: 1536 | I289: 624 | J289: 0 | K289: 100 | L289: 1438 | M289: 51 | N289: 4 | O289: 2390 | P289: 83 | Q289: 6 | R289: 350 | S289: 350 | T289: 103

Sheet Sample_Data
A1: Date | B1: Time | C1: MOD_ID | D1: CMD_CNT | E1: ERROR | F1: MTR_ABS_STEPS | G1: THRM_STATUS | H1: SWIR_OFFSET | I1: MWIR_OFFSET | J1: SCI_ADC_SAMPLES | K1: SCI_ADC_SKIP | L1: SWIR_HIGH | M1: SWIR_MED | N1: SWIR_LOW | O1: MWIR_HIGH | P1: MWIR_MED | Q1: MWIR_LOW | R1: HT_SINK_TEMP | S1: SWIR_TEMP | T1: CRC
A2: 45889 | B2: 0.64489365 | C2: 79 | D2: 28 | E2: 0 | F2: 8 | G2: 0 | H2: 1536 | I2: 624 | J2: 0 | K2: 100 | L2: 1716 | M2: 60 | N2: 5 | O2: 2148 | P2: 75 | Q2: 4 | R2: 350 | S2: 351 | T2: 106
A3: 45889 | B3: 0.64489894 | C3: 79 | D3: 34 | E3: 0 | F3: 8 | G3: 0 | H3: 1536 | I3: 624 | J3: 0 | K3: 100 | L3: 1659 | M3: 59 | N3: 5 | O3: 2214 | P3: 77 | Q3: 6 | R3: 350 | S3: 351 | T3: 39
A4: 45889 | B4: 0.64490416 | C4: 79 | D4: 40 | E4: 0 | F4: 8 | G4: 0 | H4: 1536 | I4: 624 | J4: 0 | K4: 100 | L4: 1577 | M4: 56 | N4: 5 | O4: 2236 | P4: 78 | Q4: 6 | R4: 350 | S4: 351 | T4: 72
A5: 45889 | B5: 0.64490946 | C5: 79 | D5: 46 | E5: 0 | F5: 8 | G5: 0 | H5: 1536 | I5: 624 | J5: 0 | K5: 100 | L5: 1536 | M5: 54 | N5: 5 | O5: 2164 | P5: 75 | Q5: 4 | R5: 350 | S5: 351 | T5: 68
A6: 45889 | B6: 0.64491475 | C6: 79 | D6: 52 | E6: 0 | F6: 8 | G6: 0 | H6: 1536 | I6: 624 | J6: 0 | K6: 100 | L6: 1502 | M6: 53 | N6: 5 | O6: 2053 | P6: 72 | Q6: 5 | R6: 350 | S6: 350 | T6: 148
A7: 45889 | B7: 0.64492002 | C7: 79 | D7: 58 | E7: 0 | F7: 8 | G7: 0 | H7: 1536 | I7: 624 | J7: 0 | K7: 100 | L7: 1480 | M7: 52 | N7: 4 | O7: 1956 | P7: 69 | Q7: 4 | R7: 350 | S7: 351 | T7: 137
A8: 45889 | B8: 0.64492527 | C8: 79 | D8: 64 | E8: 0 | F8: 0 | G8: 0 | H8: 1536 | I8: 624 | J8: 0 | K8: 100 | L8: 1470 | M8: 52 | N8: 5 | O8: 1825 | P8: 64 | Q8: 5 | R8: 350 | S8: 351 | T8: 74
A9: 45889 | B9: 0.64493052 | C9: 79 | D9: 70 | E9: 0 | F9: 0 | G9: 0 | H9: 1536 | I9: 624 | J9: 0 | K9: 100 | L9: 1470 | M9: 52 | N9: 4 | O9: 1783 | P9: 63 | Q9: 5 | R9: 350 | S9: 351 | T9: 205
A10: 45889 | B10: 0.64493574 | C10: 79 | D10: 76 | E10: 0 | F10: 0 | G10: 0 | H10: 1536 | I10: 624 | J10: 0 | K10: 100 | L10: 1480 | M10: 52 | N10: 5 | O10: 1796 | P10: 63 | Q10: 5 | R10: 350 | S10: 351 | T10: 139
A11: 45889 | B11: 0.64494103 | C11: 79 | D11: 82 | E11: 0 | F11: 0 | G11: 0 | H11: 1536 | I11: 624 | J11: 0 | K11: 100 | L11: 1521 | M11: 52 | N11: 5 | O11: 1861 | P11: 64 | Q11: 5 | R11: 350 | S11: 351 | T11: 25
A12: 45889 | B12: 0.64494628 | C12: 79 | D12: 88 | E12: 0 | F12: 0 | G12: 0 | H12: 1536 | I12: 624 | J12: 0 | K12: 100 | L12: 1657 | M12: 58 | N12: 5 | O12: 2030 | P12: 71 | Q12: 6 | R12: 350 | S12: 351 | T12: 45
A13: 45889 | B13: 0.64495152 | C13: 79 | D13: 94 | E13: 0 | F13: 0 | G13: 0 | H13: 1536 | I13: 624 | J13: 0 | K13: 100 | L13: 1925 | M13: 67 | N13: 5 | O13: 2218 | P13: 77 | Q13: 6 | R13: 350 | S13: 351 | T13: 77
... A289: 45889 | B289: 0.64640208 | C289: 79 | D289: 214 | E289: 0 | F289: 0 | G289: 0 | H289: 1536 | I289: 624 | J289: 0 | K289: 100 | L289: 1226 | M289: 43 | N289: 4 | O289: 2147 | P289: 74 | Q289: 6 | R289: 350 | S289: 350 | T289: 247

Sheet Analysis
I1: SWIR | U1: MWIR
A2: Offset | H2: Offset | I2: 763 | T2: Offset | U2: 1350
A3: Grad | C3: Reference | F3: Spectralon MC | H3: Grad | I3: 38.5 | J3: Reflectance | R3: Spectralon MC | T3: Grad | U3: 71.3 | V3: Reflectance
A5: Abs Steps | C5: SWIR High | D5: SWIR Med | E5: SWIR Low | F5: SWIR High | G5: SWIR Med | H5: SWIR Low | I5: SWIR | J5: SWIR High | K5: SWIR Med | L5: SWIR Low | O5: MWIR High | P5: MWIR Med | Q5: MWIR High | R5: MWIR High | S5: MWIR Med | T5: MWIR High | U5: MWIR | V5: MWIR High | W5: MWIR Med | X5: MWIR High
A6: 100 | C6: =Reference_Data!L2-Dark!L2 -> 1842 | D6: =Reference_Data!M2-Dark!M2 -> 63 | E6: =Reference_Data!N2-Dark!N2 -> 2 | F6: =Sample_Data!L2-Dark!L2 -> 1502 | G6: =Sample_Data!M2-Dark!M2 -> 51 | H6: =Sample_Data!N2-Dark!N2 -> 2 | I6: =$I$3*(A6/320)+$I$2 -> 775.03125 | J6: =F6/C6 -> 0.81541802 | K6: =G6/D6 -> 0.80952381 | L6: =H6/E6 -> 1 | O6: =Reference_Data!O2-Dark!O2 -> 1926 | P6: =Reference_Data!P2-Dark!P2 -> 67 | Q6: =Reference_Data!Q2-Dark!Q2 -> 2 | R6: =Sample_Data!O2-Dark!O2 -> 1684 | S6: =Sample_Data!P2-Dark!P2 -> 59 | T6: =Sample_Data!Q2-Dark!Q2 -> 0 | U6: =$U$3*(A6/320)+$U$2 -> 1372.2812 | V6: =R6/O6 -> 0.87435099 | W6: =S6/P6 -> 0.88059701 | X6: =T6/Q6 -> 0
A7: =A6+30 -> 130 | C7: =Reference_Data!L3-Dark!L3 -> 1772 | D7: =Reference_Data!M3-Dark!M3 -> 60 | E7: =Reference_Data!N3-Dark!N3 -> 2 | F7: =Sample_Data!L3-Dark!L3 -> 1444 | G7: =Sample_Data!M3-Dark!M3 -> 50 | H7: =Sample_Data!N3-Dark!N3 -> 2 | I7: =$I$3*(A7/320)+$I$2 -> 778.64062 | J7: =F7/C7 -> 0.81489842 | K7: =G7/D7 -> 0.83333333 | L7: =H7/E7 -> 1 | O7: =Reference_Data!O3-Dark!O3 -> 1994 | P7: =Reference_Data!P3-Dark!P3 -> 68 | Q7: =Reference_Data!Q3-Dark!Q3 -> 2 | R7: =Sample_Data!O3-Dark!O3 -> 1748 | S7: =Sample_Data!P3-Dark!P3 -> 61 | T7: =Sample_Data!Q3-Dark!Q3 -> 2 | U7: =$U$3*(A7/320)+$U$2 -> 1378.9656 | V7: =R7/O7 -> 0.87662989 | W7: =S7/P7 -> 0.89705882 | X7: =T7/Q7 -> 1
A8: =A7+30 -> 160 | C8: =Reference_Data!L4-Dark!L4 -> 1664 | D8: =Reference_Data!M4-Dark!M4 -> 56 | E8: =Reference_Data!N4-Dark!N4 -> 2 | F8: =Sample_Data!L4-Dark!L4 -> 1362 | G8: =Sample_Data!M4-Dark!M4 -> 47 | H8: =Sample_Data!N4-Dark!N4 -> 2 | I8: =$I$3*(A8/320)+$I$2 -> 782.25 | J8: =F8/C8 -> 0.81850962 | K8: =G8/D8 -> 0.83928571 | L8: =H8/E8 -> 1 | O8: =Reference_Data!O4-Dark!O4 -> 2013 | P8: =Reference_Data!P4-Dark!P4 -> 70 | Q8: =Reference_Data!Q4-Dark!Q4 -> 2 | R8: =Sample_Data!O4-Dark!O4 -> 1764 | S8: =Sample_Data!P4-Dark!P4 -> 62 | T8: =Sample_Data!Q4-Dark!Q4 -> 2 | U8: =$U$3*(A8/320)+$U$2 -> 1385.65 | V8: =R8/O8 -> 0.87630402 | W8: =S8/P8 -> 0.88571429 | X8: =T8/Q8 -> 1
A9: =A8+30 -> 190 | C9: =Reference_Data!L5-Dark!L5 -> 1604 | D9: =Reference_Data!M5-Dark!M5 -> 55 | E9: =Reference_Data!N5-Dark!N5 -> 2 | F9: =Sample_Data!L5-Dark!L5 -> 1322 | G9: =Sample_Data!M5-Dark!M5 -> 45 | H9: =Sample_Data!N5-Dark!N5 -> 2 | I9: =$I$3*(A9/320)+$I$2 -> 785.85938 | J9: =F9/C9 -> 0.82418953 | K9: =G9/D9 -> 0.81818182 | L9: =H9/E9 -> 1 | O9: =Reference_Data!O5-Dark!O5 -> 1929 | P9: =Reference_Data!P5-Dark!P5 -> 65 | Q9: =Reference_Data!Q5-Dark!Q5 -> 2 | R9: =Sample_Data!O5-Dark!O5 -> 1685 | S9: =Sample_Data!P5-Dark!P5 -> 57 | T9: =Sample_Data!Q5-Dark!Q5 -> 0 | U9: =$U$3*(A9/320)+$U$2 -> 1392.3344 | V9: =R9/O9 -> 0.87350959 | W9: =S9/P9 -> 0.87692308 | X9: =T9/Q9 -> 0
A10: =A9+30 -> 220 | C10: =Reference_Data!L6-Dark!L6 -> 1560 | D10: =Reference_Data!M6-Dark!M6 -> 53 | E10: =Reference_Data!N6-Dark!N6 -> 2 | F10: =Sample_Data!L6-Dark!L6 -> 1286 | G10: =Sample_Data!M6-Dark!M6 -> 44 | H10: =Sample_Data!N6-Dark!N6 -> 2 | I10: =$I$3*(A10/320)+$I$2 -> 789.46875 | J10: =F10/C10 -> 0.82435897 | K10: =G10/D10 -> 0.83018868 | L10: =H10/E10 -> 1 | O10: =Reference_Data!O6-Dark!O6 -> 1784 | P10: =Reference_Data!P6-Dark!P6 -> 61 | Q10: =Reference_Data!Q6-Dark!Q6 -> 2 | R10: =Sample_Data!O6-Dark!O6 -> 1569 | S10: =Sample_Data!P6-Dark!P6 -> 54 | T10: =Sample_Data!Q6-Dark!Q6 -> 1 | U10: =$U$3*(A10/320)+$U$2 -> 1399.0187 | V10: =R10/O10 -> 0.8794843 | W10: =S10/P10 -> 0.8852459 | X10: =T10/Q10 -> 0.5
A11: =A10+30 -> 250 | C11: =Reference_Data!L7-Dark!L7 -> 1529 | D11: =Reference_Data!M7-Dark!M7 -> 52 | E11: =Reference_Data!N7-Dark!N7 -> 2 | F11: =Sample_Data!L7-Dark!L7 -> 1262 | G11: =Sample_Data!M7-Dark!M7 -> 43 | H11: =Sample_Data!N7-Dark!N7 -> 1 | I11: =$I$3*(A11/320)+$I$2 -> 793.07812 | J11: =F11/C11 -> 0.82537606 | K11: =G11/D11 -> 0.82692308 | L11: =H11/E11 -> 0.5 | O11: =Reference_Data!O7-Dark!O7 -> 1668 | P11: =Reference_Data!P7-Dark!P7 -> 57 | Q11: =Reference_Data!Q7-Dark!Q7 -> 2 | R11: =Sample_Data!O7-Dark!O7 -> 1463 | S11: =Sample_Data!P7-Dark!P7 -> 51 | T11: =Sample_Data!Q7-Dark!Q7 -> 0 | U11: =$U$3*(A11/320)+$U$2 -> 1405.7031 | V11: =R11/O11 -> 0.87709832 | W11: =S11/P11 -> 0.89473684 | X11: =T11/Q11 -> 0
A12: =A11+30 -> 280 | C12: =Reference_Data!L8-Dark!L8 -> 1509 | D12: =Reference_Data!M8-Dark!M8 -> 51 | E12: =Reference_Data!N8-Dark!N8 -> 2 | F12: =Sample_Data!L8-Dark!L8 -> 1251 | G12: =Sample_Data!M8-Dark!M8 -> 43 | H12: =Sample_Data!N8-Dark!N8 -> 2 | I12: =$I$3*(A12/320)+$I$2 -> 796.6875 | J12: =F12/C12 -> 0.82902584 | K12: =G12/D12 -> 0.84313725 | L12: =H12/E12 -> 1 | O12: =Reference_Data!O8-Dark!O8 -> 1510 | P12: =Reference_Data!P8-Dark!P8 -> 51 | Q12: =Reference_Data!Q8-Dark!Q8 -> 2 | R12: =Sample_Data!O8-Dark!O8 -> 1327 | S12: =Sample_Data!P8-Dark!P8 -> 45 | T12: =Sample_Data!Q8-Dark!Q8 -> 1 | U12: =$U$3*(A12/320)+$U$2 -> 1412.3875 | V12: =R12/O12 -> 0.87880795 | W12: =S12/P12 -> 0.88235294 | X12: =T12/Q12 -> 0.5
A13: =A12+30 -> 310 | C13: =Reference_Data!L9-Dark!L9 -> 1508 | D13: =Reference_Data!M9-Dark!M9 -> 51 | E13: =Reference_Data!N9-Dark!N9 -> 2 | F13: =Sample_Data!L9-Dark!L9 -> 1254 | G13: =Sample_Data!M9-Dark!M9 -> 43 | H13: =Sample_Data!N9-Dark!N9 -> 1 | I13: =$I$3*(A13/320)+$I$2 -> 800.29688 | J13: =F13/C13 -> 0.83156499 | K13: =G13/D13 -> 0.84313725 | L13: =H13/E13 -> 0.5 | O13: =Reference_Data!O9-Dark!O9 -> 1454 | P13: =Reference_Data!P9-Dark!P9 -> 50 | Q13: =Reference_Data!Q9-Dark!Q9 -> 1 | R13: =Sample_Data!O9-Dark!O9 -> 1277 | S13: =Sample_Data!P9-Dark!P9 -> 44 | T13: =Sample_Data!Q9-Dark!Q9 -> 1 | U13: =$U$3*(A13/320)+$U$2 -> 1419.0719 | V13: =R13/O13 -> 0.87826685 | W13: =S13/P13 -> 0.88 | X13: =T13/Q13 -> 1
A14: =A13+30 -> 340 | C14: =Reference_Data!L10-Dark!L10 -> 1518 | D14: =Reference_Data!M10-Dark!M10 -> 52 | E14: =Reference_Data!N10-Dark!N10 -> 2 | F14: =Sample_Data!L10-Dark!L10 -> 1264 | G14: =Sample_Data!M10-Dark!M10 -> 43 | H14: =Sample_Data!N10-Dark!N10 -> 2 | I14: =$I$3*(A14/320)+$I$2 -> 803.90625 | J14: =F14/C14 -> 0.83267457 | K14: =G14/D14 -> 0.82692308 | L14: =H14/E14 -> 1 | O14: =Reference_Data!O10-Dark!O10 -> 1460 | P14: =Reference_Data!P10-Dark!P10 -> 50 | Q14: =Reference_Data!Q10-Dark!Q10 -> 2 | R14: =Sample_Data!O10-Dark!O10 -> 1284 | S14: =Sample_Data!P10-Dark!P10 -> 44 | T14: =Sample_Data!Q10-Dark!Q10 -> 1 | U14: =$U$3*(A14/320)+$U$2 -> 1425.7562 | V14: =R14/O14 -> 0.87945205 | W14: =S14/P14 -> 0.88 | X14: =T14/Q14 -> 0.5
A15: =A14+30 -> 370 | C15: =Reference_Data!L11-Dark!L11 -> 1560 | D15: =Reference_Data!M11-Dark!M11 -> 54 | E15: =Reference_Data!N11-Dark!N11 -> 2 | F15: =Sample_Data!L11-Dark!L11 -> 1305 | G15: =Sample_Data!M11-Dark!M11 -> 44 | H15: =Sample_Data!N11-Dark!N11 -> 2 | I15: =$I$3*(A15/320)+$I$2 -> 807.51562 | J15: =F15/C15 -> 0.83653846 | K15: =G15/D15 -> 0.81481481 | L15: =H15/E15 -> 1 | O15: =Reference_Data!O11-Dark!O11 -> 1532 | P15: =Reference_Data!P11-Dark!P11 -> 52 | Q15: =Reference_Data!Q11-Dark!Q11 -> 1 | R15: =Sample_Data!O11-Dark!O11 -> 1344 | S15: =Sample_Data!P11-Dark!P11 -> 45 | T15: =Sample_Data!Q11-Dark!Q11 -> 1 | U15: =$U$3*(A15/320)+$U$2 -> 1432.4406 | V15: =R15/O15 -> 0.8772846 | W15: =S15/P15 -> 0.86538462 | X15: =T15/Q15 -> 1
A16: =A15+30 -> 400 | C16: =Reference_Data!L12-Dark!L12 -> 1709 | D16: =Reference_Data!M12-Dark!M12 -> 58 | E16: =Reference_Data!N12-Dark!N12 -> 2 | F16: =Sample_Data!L12-Dark!L12 -> 1441 | G16: =Sample_Data!M12-Dark!M12 -> 49 | H16: =Sample_Data!N12-Dark!N12 -> 2 | I16: =$I$3*(A16/320)+$I$2 -> 811.125 | J16: =F16/C16 -> 0.84318315 | K16: =G16/D16 -> 0.84482759 | L16: =H16/E16 -> 1 | O16: =Reference_Data!O12-Dark!O12 -> 1724 | P16: =Reference_Data!P12-Dark!P12 -> 59 | Q16: =Reference_Data!Q12-Dark!Q12 -> 2 | R16: =Sample_Data!O12-Dark!O12 -> 1510 | S16: =Sample_Data!P12-Dark!P12 -> 52 | T16: =Sample_Data!Q12-Dark!Q12 -> 2 | U16: =$U$3*(A16/320)+$U$2 -> 1439.125 | V16: =R16/O16 -> 0.87587007 | W16: =S16/P16 -> 0.88135593 | X16: =T16/Q16 -> 1
A17: =A16+30 -> 430 | C17: =Reference_Data!L13-Dark!L13 -> 2011 | D17: =Reference_Data!M13-Dark!M13 -> 68 | E17: =Reference_Data!N13-Dark!N13 -> 1 | F17: =Sample_Data!L13-Dark!L13 -> 1708 | G17: =Sample_Data!M13-Dark!M13 -> 58 | H17: =Sample_Data!N13-Dark!N13 -> 2 | I17: =$I$3*(A17/320)+$I$2 -> 814.73438 | J17: =F17/C17 -> 0.84932869 | K17: =G17/D17 -> 0.85294118 | L17: =H17/E17 -> 2 | O17: =Reference_Data!O13-Dark!O13 -> 1932 | P17: =Reference_Data!P13-Dark!P13 -> 65 | Q17: =Reference_Data!Q13-Dark!Q13 -> 3 | R17: =Sample_Data!O13-Dark!O13 -> 1691 | S17: =Sample_Data!P13-Dark!P13 -> 58 | T17: =Sample_Data!Q13-Dark!Q13 -> 3 | U17: =$U$3*(A17/320)+$U$2 -> 1445.8094 | V17: =R17/O17 -> 0.8752588 | W17: =S17/P17 -> 0.89230769 | X17: =T17/Q17 -> 1
A18: =A17+30 -> 460 | C18: =Reference_Data!L14-Dark!L14 -> 2626 | D18: =Reference_Data!M14-Dark!M14 -> 90 | E18: =Reference_Data!N14-Dark!N14 -> 3 | F18: =Sample_Data!L14-Dark!L14 -> 2274 | G18: =Sample_Data!M14-Dark!M14 -> 77 | H18: =Sample_Data!N14-Dark!N14 -> 1 | I18: =$I$3*(A18/320)+$I$2 -> 818.34375 | J18: =F18/C18 -> 0.86595583 | K18: =G18/D18 -> 0.85555556 | L18: =H18/E18 -> 0.33333333 | O18: =Reference_Data!O14-Dark!O14 -> 2165 | P18: =Reference_Data!P14-Dark!P14 -> 73 | Q18: =Reference_Data!Q14-Dark!Q14 -> 2 | R18: =Sample_Data!O14-Dark!O14 -> 1900 | S18: =Sample_Data!P14-Dark!P14 -> 64 | T18: =Sample_Data!Q14-Dark!Q14 -> 2 | U18: =$U$3*(A18/320)+$U$2 -> 1452.4938 | V18: =R18/O18 -> 0.87759815 | W18: =S18/P18 -> 0.87671233 | X18: =T18/Q18 -> 1
... A318: =A317+30 -> 9460 | C318: =Reference_Data!L314-Dark!L314 -> 0 | D318: =Reference_Data!M314-Dark!M314 -> 0 | E318: =Reference_Data!N314-Dark!N314 -> 0 | F318: =Sample_Data!L314-Dark!L314 -> 0 | G318: =Sample_Data!M314-Dark!M314 -> 0 | H318: =Sample_Data!N314-Dark!N314 -> 0 | I318: =$I$3*(A318/320)+$I$2 -> 1901.1562 | J318: =F318/C318 -> #DIV/0! | K318: =G318/D318 -> #DIV/0! | L318: =H318/E318 -> #DIV/0! | O318: =Reference_Data!O314-Dark!O314 -> 0 | P318: =Reference_Data!P314-Dark!P314 -> 0 | Q318: =Reference_Data!Q314-Dark!Q314 -> 0 | R318: =Sample_Data!O314-Dark!O314 -> 0 | S318: =Sample_Data!P314-Dark!P314 -> 0 | T318: =Sample_Data!Q314-Dark!Q314 -> 0 | U318: =$U$3*(A318/320)+$U$2 -> 3457.8063 | V318: =R318/O318 -> #DIV/0! | W318: =S318/P318 -> #DIV/0! | X318: =T318/Q318 -> #DIV/0!

Sheet Spectralon Cal
B1: Gold | C1: 0.98
B2: Fact | C2: 0.9
B3: Fact2 | C3: 1
A4: 2000 | B4: 82.321422 | C4: =$C$3*((B4/100)*$C$2+$C$1*(1-$C$2)) -> 0.8388928
A5: 1999 | B5: 83.396199 | C5: =$C$3*((B5/100)*$C$2+$C$1*(1-$C$2)) -> 0.84856579
A6: 1998 | B6: 83.873049 | C6: =$C$3*((B6/100)*$C$2+$C$1*(1-$C$2)) -> 0.85285744
A7: 1997 | B7: 84.267472 | C7: =$C$3*((B7/100)*$C$2+$C$1*(1-$C$2)) -> 0.85640725
A8: 1996 | B8: 84.579464 | C8: =$C$3*((B8/100)*$C$2+$C$1*(1-$C$2)) -> 0.85921518
A9: 1995 | B9: 84.892048 | C9: =$C$3*((B9/100)*$C$2+$C$1*(1-$C$2)) -> 0.86202843
A10: 1994 | B10: 85.125416 | C10: =$C$3*((B10/100)*$C$2+$C$1*(1-$C$2)) -> 0.86412874
A11: 1993 | B11: 85.385585 | C11: =$C$3*((B11/100)*$C$2+$C$1*(1-$C$2)) -> 0.86647027
A12: 1992 | B12: 85.706805 | C12: =$C$3*((B12/100)*$C$2+$C$1*(1-$C$2)) -> 0.86936125
A13: 1991 | B13: 85.986664 | C13: =$C$3*((B13/100)*$C$2+$C$1*(1-$C$2)) -> 0.87187998
A14: 1990 | B14: 86.135824 | C14: =$C$3*((B14/100)*$C$2+$C$1*(1-$C$2)) -> 0.87322242
A15: 1989 | B15: 86.075259 | C15: =$C$3*((B15/100)*$C$2+$C$1*(1-$C$2)) -> 0.87267733
... A1769: 235 | B1769: 24.712147 | C1769: =$C$3*((B1769/100)*$C$2+$C$1*(1-$C$2)) -> 0.32040932
